precision,recall,f1-score,support
0.9255374267427394,0.6968202766053364,0.7950567798710626,428119.0
0.6053554923136797,0.8924204392649037,0.7213784157856217,223100.0
0.763830600765641,0.763830600765641,0.763830600765641,0.763830600765641
0.7654464595282096,0.7946203579351201,0.7582175978283421,651219.0
0.8158468471203342,0.763830600765641,0.769815435519221,651219.0
