precision,recall,f1-score,support
0.9398660673332722,0.5982845890978911,0.7311473444431124,428119.0
0.5458549646944498,0.9265441506051099,0.686985912122753,223100.0
0.7107424691232903,0.7107424691232903,0.7107424691232903,0.7107424691232903
0.742860516013861,0.7624143698515005,0.7090666282829327,651219.0
0.8048824796327885,0.7107424691232903,0.7160181551063882,651219.0
