precision,recall,f1-score,support
0.9358719747350521,0.7197686964888762,0.8137168445343317,428182.0
0.6273278421726113,0.905342895562528,0.7411204391346464,223100.0
0.7833380931762278,0.7833380931762278,0.7833380931762278,0.7833380931762278
0.7815999084538316,0.8125557960257022,0.777418641834489,651282.0
0.8301785946405914,0.7833380931762278,0.7888485723501323,651282.0
